Уровень 1 (iab),Уровень 2 (iab),Уровень 3 (iab)
Транспорт,,
Транспорт,Типы кузова автомобиля,
Транспорт,Типы кузова автомобиля,Грузовой автомобиль
Транспорт,Типы кузова автомобиля,Седан
Транспорт,Типы кузова автомобиля,Универсал
Транспорт,Типы кузова автомобиля,SUV
Транспорт,Типы кузова автомобиля,Фургон
Транспорт,Типы кузова автомобиля,Кабриолет
Транспорт,Типы кузова автомобиля,Купе
Транспорт,Типы кузова автомобиля,Кроссовер
Транспорт,Типы кузова автомобиля,Хэтчбек
Транспорт,Типы кузова автомобиля,Микроавтомобиль
Транспорт,Типы кузова автомобиля,Минивэн
Транспорт,Типы кузова автомобиля,Внедорожник
Транспорт,Типы кузова автомобиля,Пикап
Транспорт,Типы автомобилей,
Транспорт,Типы автомобилей,Бюджетные автомобили
Транспорт,Типы автомобилей,Подержанные автомобили
Транспорт,Типы автомобилей,Классические автомобили
Транспорт,Типы автомобилей,Прототипы автомобилей
Транспорт,Типы автомобилей,Беспилотные автомобили
Транспорт,Типы автомобилей,Экологичные автомобили
Транспорт,Типы автомобилей,Автомобили класса люкс
Транспорт,Типы автомобилей,Спортивные автомобили
Транспорт,Автомобильная культура,
Транспорт,Видео с видеорегистраторов,
Транспорт,Мотоциклы,
Транспорт,Помощь на дороге,
Транспорт,Скутеры,
Транспорт,Покупка и продажа автомобилей,
Транспорт,Автострахование,
Транспорт,Автозапчасти,
Транспорт,Авторемонт,
Транспорт,Автобезопасность,
Транспорт,Выставки автомобилей,
Транспорт,Автомобильные технологии,
Транспорт,Автомобильные технологии,Информационно-развлекательные технологии
Транспорт,Автомобильные технологии,Системы автоматической навигации
Транспорт,Автомобильные технологии,Технологии автобезопасности
Транспорт,Прокат автомобилей,
Книги и литература,,
Книги и литература,Книги по искусству и фотографии,
Книги и литература,Биографии,
Книги и литература,Детская литература,
Книги и литература,Комиксы и графические романы,
Книги и литература,Кулинарные книги,
Книги и литература,Художественная литература,
Книги и литература,Поэзия,
Книги и литература,Книги о путешествиях,
Книги и литература,Литература для молодежи,
Бизнес и финансы,,
Бизнес и финансы,Бизнес,
Бизнес и финансы,Бизнес,Бухгалтерский учет и финансы
Бизнес и финансы,Бизнес,Кадры
Бизнес и финансы,Бизнес,Крупный бизнес
Бизнес и финансы,Бизнес,Логистика
Бизнес и финансы,Бизнес,Маркетинг и реклама
Бизнес и финансы,Бизнес,Продажи
Бизнес и финансы,Бизнес,Малый и средний бизнес
Бизнес и финансы,Бизнес,Стартапы
Бизнес и финансы,Бизнес,Администрирование бизнеса
Бизнес и финансы,Бизнес,Банкинг и финансы
Бизнес и финансы,Бизнес,Бизнес в ИТ
Бизнес и финансы,Бизнес,Коммерческая деятельность
Бизнес и финансы,Бизнес,Проблемы потребителей
Бизнес и финансы,Бизнес,Менеджмент
Бизнес и финансы,Бизнес,Государственные закупки
Бизнес и финансы,Бизнес,Экологичные бизнес-решения
Бизнес и финансы,Бизнес,Ресурсы для бизнеса
Бизнес и финансы,Экономика,
Бизнес и финансы,Экономика,Товары
Бизнес и финансы,Экономика,Валюты
Бизнес и финансы,Экономика,Финансовый кризис
Бизнес и финансы,Экономика,Финансовые реформы
Бизнес и финансы,Экономика,Финансовое регулирование
Бизнес и финансы,Экономика,Цены на бензин
Бизнес и финансы,Экономика,Рынок недвижимости
Бизнес и финансы,Экономика,Процентные ставки
Бизнес и финансы,Экономика,Рынок труда
Бизнес и финансы,Промышленность и сфера услуг,
Бизнес и финансы,Промышленность и сфера услуг,Реклама
Бизнес и финансы,Промышленность и сфера услуг,Образование
Бизнес и финансы,Промышленность и сфера услуг,Развлечения
Бизнес и финансы,Промышленность и сфера услуг,Экология и охрана природы
Бизнес и финансы,Промышленность и сфера услуг,Финансы
Бизнес и финансы,Промышленность и сфера услуг,Пищевая промышленность
Бизнес и финансы,Промышленность и сфера услуг,Здравоохранение
Бизнес и финансы,Промышленность и сфера услуг,Гостиничный бизнес
Бизнес и финансы,Промышленность и сфера услуг,Информационные услуги
Бизнес и финансы,Промышленность и сфера услуг,Юридические услуги
Бизнес и финансы,Промышленность и сфера услуг,Логистика и транспорт
Бизнес и финансы,Промышленность и сфера услуг,Сельское хозяйство
Бизнес и финансы,Промышленность и сфера услуг,Управленческий консалтинг
Бизнес и финансы,Промышленность и сфера услуг,Промышленное производство
Бизнес и финансы,Промышленность и сфера услуг,Машиностроение
Бизнес и финансы,Промышленность и сфера услуг,Медиаиндустрия
Бизнес и финансы,Промышленность и сфера услуг,Металлургия
Бизнес и финансы,Промышленность и сфера услуг,Некоммерческие организации
Бизнес и финансы,Промышленность и сфера услуг,Фармацевтика
Бизнес и финансы,Промышленность и сфера услуг,Энергетическая промышленность
Бизнес и финансы,Промышленность и сфера услуг,Издательский бизнес
Бизнес и финансы,Промышленность и сфера услуг,Недвижимость
Бизнес и финансы,Промышленность и сфера услуг,Швейная промышленность
Бизнес и финансы,Промышленность и сфера услуг,Розничная торговля
Бизнес и финансы,Промышленность и сфера услуг,Технологии
Бизнес и финансы,Промышленность и сфера услуг,Телекоммуникации
Бизнес и финансы,Промышленность и сфера услуг,Автомобильная промышленность
Бизнес и финансы,Промышленность и сфера услуг,Авиация
Бизнес и финансы,Промышленность и сфера услуг,Биотехнологии и биомедицинская промышленность
Бизнес и финансы,Промышленность и сфера услуг,Градостроительство
Бизнес и финансы,Промышленность и сфера услуг,Строительство
Бизнес и финансы,Промышленность и сфера услуг,Оборонная промышленность
Карьера,,
Карьера,Стажировки,
Карьера,Профориентация,
Карьера,Планирование карьеры,
Карьера,Поиск работы,
Карьера,Поиск работы,Ярмарки вакансий
Карьера,Поиск работы,Составление резюме
Карьера,Удаленная работа,
Карьера,Профессиональная подготовка,
Образование,,
Образование,Образование для взрослых,
Образование,Частные школы,
Образование,Среднее образование,
Образование,Обучение детей с особыми потребностями,
Образование,Высшее образование,
Образование,Высшее образование,Планирование и подготовка к университету
Образование,Высшее образование,Аспирантура и магистратура
Образование,Высшее образование,Бакалавриат
Образование,Дошкольное образование,
Образование,Экзамены и тестирования,
Образование,Домашнее обучение,
Образование,Домашние задания,
Образование,Изучение иностранного языка,
Образование,Онлайн-образование,
Образование,Начальное образование,
События и достопримечательности,,
События и достопримечательности,Парки развлечений и тематические парки,
События и достопримечательности,События мира моды,
События и достопримечательности,Исторические места и достопримечательности,
События и достопримечательности,Торговые центры,
События и достопримечательности,Музеи и галереи,
События и достопримечательности,Мюзиклы,
События и достопримечательности,Национальные и государственные праздники,
События и достопримечательности,Ночные клубы,
События и достопримечательности,Активный отдых,
События и достопримечательности,Парки и природные объекты,
События и достопримечательности,Организация праздников,
События и достопримечательности,Церемонии награждений,
События и достопримечательности,Личные события,
События и достопримечательности,Личные события,Годовщина
События и достопримечательности,Личные события,Свадьба
События и достопримечательности,Личные события,Мальчишник
События и достопримечательности,Личные события,Девичник
События и достопримечательности,Личные события,Рождение ребенка
События и достопримечательности,Личные события,День рождения
События и достопримечательности,Личные события,Похороны
События и достопримечательности,Личные события,Выпускной в университете
События и достопримечательности,Личные события,Выпускной в школе
События и достопримечательности,Политические события,
События и достопримечательности,Религиозные события,
События и достопримечательности,Спортивные события,
События и достопримечательности,Театральные мероприятия,
События и достопримечательности,Зоопарки и океанариумы,
События и достопримечательности,Бары и рестораны,
События и достопримечательности,Бизнес-выставки и конференции,
События и достопримечательности,Казино и азартные игры,
События и достопримечательности,Кинотеатры,
События и достопримечательности,Комедия и стендап,
События и достопримечательности,Концерты и музыкальные мероприятия,
События и достопримечательности,Фан-конвенции,
Семья и отношения,,
Семья и отношения,Смерть родственников,
Семья и отношения,Дейтинг,
Семья и отношения,Развод,
Семья и отношения,Уход за пожилыми людьми,
Семья и отношения,Брак и гражданские союзы,
Семья и отношения,Воспитание детей,
Семья и отношения,Воспитание детей,Усыновление и воспитание приемных детей
Семья и отношения,Воспитание детей,Детские сады и дошкольные учреждения
Семья и отношения,Воспитание детей,Интернет-безопасность для детей
Семья и отношения,Воспитание детей,Воспитание малышей
Семья и отношения,Воспитание детей,Воспитание детей в возрасте 4-11 лет
Семья и отношения,Воспитание детей,Воспитание подростков
Семья и отношения,Воспитание детей,Воспитание детей с особыми потребностями
Семья и отношения,Холостая жизнь,
Изобразительное искусство,,
Изобразительное искусство,Костюм,
Изобразительное искусство,Танец,
Изобразительное искусство,Дизайн,
Изобразительное искусство,Цифровое искусство,
Изобразительное искусство,Художественная фотография,
Изобразительное искусство,Современное искусство,
Изобразительное искусство,Опера,
Изобразительное искусство,Театр,
Еда и напитки,,
Еда и напитки,Алкогольные напитки,
Еда и напитки,Веганские диеты,
Еда и напитки,Вегетарианские диеты,
Еда и напитки,Мировые кухни,
Еда и напитки,Барбекю и гриль,
Еда и напитки,Кулинария,
Еда и напитки,Десерты и выпечка,
Еда и напитки,Ресторанная кухня,
Еда и напитки,Пищевые аллергии,
Еда и напитки,Инновации и тренды в кулинарии,
Еда и напитки,Здоровое питание,
Еда и напитки,Безалкогольные напитки,
Здоровый образ жизни,,
Здоровый образ жизни,Здоровье детей,
Здоровый образ жизни,Фитнес и упражнения,
Здоровый образ жизни,Фитнес и упражнения,Бег
Здоровый образ жизни,Мужское здоровье,
Здоровый образ жизни,Питание,
Здоровый образ жизни,Здоровье пожилых людей,
Здоровый образ жизни,Похудение,
Здоровый образ жизни,Методики оздоровления,
Здоровый образ жизни,Методики оздоровления,Альтернативная медицина
Здоровый образ жизни,Методики оздоровления,Физиотерапия
Здоровый образ жизни,Методики оздоровления,Отказ от курения
Здоровый образ жизни,Женское здоровье,
Хобби и интересы,,
Хобби и интересы,Антиквариат,
Хобби и интересы,Фокусы и иллюзионизм,
Хобби и интересы,Моделизм,
Хобби и интересы,Музыкальные инструменты,
Хобби и интересы,Паранормальные явления,
Хобби и интересы,Радиоуправление,
Хобби и интересы,Научная фантастика и фэнтези,
Хобби и интересы,Мастер-классы,
Хобби и интересы,Декоративно-прикладное искусство,
Хобби и интересы,Декоративно-прикладное искусство,Бисероплетение
Хобби и интересы,Декоративно-прикладное искусство,Изготовление свечей и мыла
Хобби и интересы,Декоративно-прикладное искусство,Рисование и скетчинг
Хобби и интересы,Декоративно-прикладное искусство,Создание украшений
Хобби и интересы,Декоративно-прикладное искусство,Рукоделие
Хобби и интересы,Декоративно-прикладное искусство,Живопись
Хобби и интересы,Декоративно-прикладное искусство,Фотография
Хобби и интересы,Декоративно-прикладное искусство,Скрапбукинг
Хобби и интересы,Декоративно-прикладное искусство,Резьба по дереву
Хобби и интересы,Пчеловодство,
Хобби и интересы,Наблюдение за птицами,
Хобби и интересы,Сигары,
Хобби и интересы,Коллекционирование,
Хобби и интересы,Коллекционирование,Комиксы
Хобби и интересы,Коллекционирование,Марки и монеты
Хобби и интересы,Создание контента,
Хобби и интересы,Создание контента,Создание аудиоконтента
Хобби и интересы,Создание контента,Создание текстов
Хобби и интересы,Создание контента,Создание сценариев
Хобби и интересы,Создание контента,Создание видеоконтента
Хобби и интересы,Игры и головоломки,
Хобби и интересы,Игры и головоломки,Настольные игры и головоломки
Хобби и интересы,Игры и головоломки,Карточные игры
Хобби и интересы,Игры и головоломки,Ролевые игры
Хобби и интересы,Генеалогия,
Дом и сад,,
Дом и сад,Садоводство,
Дом и сад,Строительство,
Дом и сад,Умный дом,
Дом и сад,Бытовая техника,
Дом и сад,Игровые и развлекательные системы,
Дом и сад,Ремонт,
Дом и сад,Системы безопасности,
Дом и сад,Качество окружающей среды,
Дом и сад,Дизайн интерьера,
Дом и сад,Ландшафтный дизайн,
Дом и сад,Наружная отделка,
Медицина,,
Медицина,Медицинские направления,
Медицина,Медицинские направления,Аллергия
Медицина,Медицинские направления,Отоларингология
Медицина,Медицинские направления,Эндокринология
Медицина,Медицинские направления,Офтальмология
Медицина,Медицинские направления,Подология
Медицина,Медицинские направления,Сердечно-сосудистые заболевания
Медицина,Медицинские направления,Инфекционные заболевания
Медицина,Медицинские направления,Травмы
Медицина,Медицинские направления,Пульмонология
Медицина,Медицинские направления,Психиатрия
Медицина,Медицинские направления,Репродуктивное здоровье
Медицина,Медицинские направления,Гематология
Медицина,Медицинские направления,Сексология
Медицина,Медицинские направления,Дерматология
Медицина,Медицинские направления,Нарушения сна
Медицина,Медицинские направления,Алкогольная и наркотическая зависимость
Медицина,Медицинские направления,Заболевания костей и суставов
Медицина,Медицинские направления,Заболевания головного мозга и нервной системы
Медицина,Медицинские направления,Рак
Медицина,Медицинские направления,Простуда и грипп
Медицина,Медицинские направления,Стоматология
Медицина,Медицинские направления,Диабет
Медицина,Медицинские направления,Расстройства пищеварения
Медицина,Медицинские анализы,
Медицина,Фармацевтические препараты,
Медицина,Хирургия,
Медицина,Вакцины,
Медицина,Косметология,
Фильмы и анимация,,
Фильмы и анимация,Боевики и приключенческие фильмы,
Фильмы и анимация,Романтические фильмы,
Фильмы и анимация,Научно-фантастические фильмы,
Фильмы и анимация,Инди и артхаусное кино,
Фильмы и анимация,Мультфильмы и анимация,
Фильмы и анимация,Комедии,
Фильмы и анимация,Криминал и детективы,
Фильмы и анимация,Документальные фильмы,
Фильмы и анимация,Драмы,
Фильмы и анимация,Семейные и детские фильмы,
Фильмы и анимация,Фэнтези,
Фильмы и анимация,Фильмы ужасов,
Фильмы и анимация,Мировой кинематограф,
Музыка и аудио,,
Музыка и аудио,Альтернативная музыка,
Музыка и аудио,Детская музыка,
Музыка и аудио,Мировые хиты,
Музыка и аудио,Классическая музыка,
Музыка и аудио,Комедия и стендап (Музыка и аудио),
Музыка и аудио,Поп-музыка,
Музыка и аудио,Кантри,
Музыка и аудио,Танцевальная и электронная музыка,
Музыка и аудио,Зарубежная музыка,
Музыка и аудио,Авторская музыка/фолк,
Музыка и аудио,Хип-хоп,
Музыка и аудио,Нью-эйдж,
Музыка и аудио,Джаз,
Музыка и аудио,Ретро хиты,
Музыка и аудио,Регги,
Музыка и аудио,Блюз,
Музыка и аудио,Религиозная музыка,
Музыка и аудио,R&B/Соул/Фанк,
Музыка и аудио,Рок музыка,
Музыка и аудио,Рок музыка,Альтернативный рок
Музыка и аудио,Рок музыка,Классический рок
Музыка и аудио,Рок музыка,Тяжелый рок
Музыка и аудио,Рок музыка,Легкий рок
Музыка и аудио,Саундтреки,
Музыка и аудио,Спортивное радио,
Музыка и аудио,Радио,
Музыка и аудио,Радио,Бизнес
Музыка и аудио,Радио,Образование
Музыка и аудио,Радио,Новости
Музыка и аудио,Радио,Общественное радиовещание
Музыка и аудио,Современная музыка,
Музыка и аудио,Разное (Музыка и аудио),
Новости и политика,,
Новости и политика,Преступность,
Новости и политика,Катастрофы,
Новости и политика,Международные новости,
Новости и политика,Закон,
Новости и политика,Региональные новости,
Новости и политика,Федеральные новости,
Новости и политика,Политика,
Новости и политика,Политика,Выборы
Новости и политика,Политика,Политические проблемы
Новости и политика,Политика,Война и конфликты
Новости и политика,Погода,
Личные финансы,,
Личные финансы,Банковские услуги,
Личные финансы,Финансовая помощь,
Личные финансы,Финансовая помощь,Государственная поддержка
Личные финансы,Финансовая помощь,Финансовая помощь студентам
Личные финансы,Финансовое планирование,
Личные финансы,Экономия и сбережения,
Личные финансы,Страхование,
Личные финансы,Страхование,Медицинское страхование
Личные финансы,Страхование,Страхование жилья
Личные финансы,Страхование,Страхование жизни
Личные финансы,Страхование,Автострахование
Личные финансы,Страхование,Страхование домашних животных
Личные финансы,Страхование,Страхование путешествий
Личные финансы,Кредиты и займы,
Личные финансы,Кредиты и займы,Кредитные карты
Личные финансы,Кредиты и займы,Финансирование жилья
Личные финансы,Кредиты и займы,Потребительские кредиты
Личные финансы,Инвестиции,
Личные финансы,Инвестиции,Хедж-фонды
Личные финансы,Инвестиции,Паевые фонды
Личные финансы,Инвестиции,Опционы
Личные финансы,Инвестиции,Акции и облигации
Личные финансы,Налоги,
Личные финансы,Планирование пенсии,
Личные финансы,Коммунальные услуги,
Личные финансы,Коммунальные услуги,Газ и электричество
Личные финансы,Коммунальные услуги,Интернет-провайдеры
Личные финансы,Коммунальные услуги,Услуги телефонии
Личные финансы,Коммунальные услуги,Услуги водоснабжения
Животные,,
Животные,Птицы,
Животные,Кошки,
Животные,Собаки,
Животные,Рыбы и аквариумы,
Животные,Крупные животные,
Животные,Заведение домашних животных,
Животные,Рептилии,
Животные,Ветеринария,
Животные,Зоотовары,
Массовая культура,,
Массовая культура,Смерти знаменитостей,
Массовая культура,Семьи знаменитостей,
Массовая культура,Дома знаменитостей,
Массовая культура,Беременности знаменитостей,
Массовая культура,Отношения знаменитостей,
Массовая культура,Скандалы знаменитостей,
Массовая культура,Стиль знаменитостей,
Массовая культура,Юмор и сатира,
Недвижимость,,
Недвижимость,Квартиры,
Недвижимость,Торговая недвижимость,
Недвижимость,Недвижимость для отдыха,
Недвижимость,Гостиничная недвижимость,
Недвижимость,Дома,
Недвижимость,Промышленная недвижимость,
Недвижимость,Земля и фермерские хозяйства,
Недвижимость,Офисная недвижимость,
Недвижимость,Купля-продажа недвижимости,
Недвижимость,Аренда и лизинг недвижимости,
Религия и духовность,,
Религия и духовность,Агностицизм,
Религия и духовность,Духовность,
Религия и духовность,Астрология,
Религия и духовность,Атеизм,
Религия и духовность,Буддизм,
Религия и духовность,Христианство,
Религия и духовность,Индуизм,
Религия и духовность,Ислам,
Религия и духовность,Иудаизм,
Религия и духовность,Сикхизм,
Наука,,
Наука,Биология,
Наука,Химия,
Наука,Окружающая среда,
Наука,Генетика,
Наука,География,
Наука,Геология,
Наука,Физика,
Наука,Космос и астрономия,
Покупки,,
Покупки,Купоны и скидки,
Покупки,Цветы,
Покупки,Подарки,
Покупки,Продовольственные товары,
Покупки,Бытовые товары,
Покупки,Лотереи и скретч-карты,
Покупки,Распродажи и акции,
Покупки,Детские игры и игрушки,
Спорт,,
Спорт,Американский футбол,
Спорт,Бокс,
Спорт,Черлидинг,
Спорт,Студенческий спорт,
Спорт,Студенческий спорт,Студенческий футбол
Спорт,Студенческий спорт,Студенческий баскетбол
Спорт,Крикет,
Спорт,Велоспорт,
Спорт,Дартс,
Спорт,Паралимпийские виды спорта,
Спорт,Дайвинг,
Спорт,Конный спорт,
Спорт,Конный спорт,Скачки
Спорт,Экстремальные виды спорта,
Спорт,Экстремальные виды спорта,Каякинг
Спорт,Экстремальные виды спорта,Альпинизм
Спорт,Экстремальные виды спорта,Пейнтбол
Спорт,Экстремальные виды спорта,Подводное плавание
Спорт,Экстремальные виды спорта,Скейтбординг
Спорт,Экстремальные виды спорта,Сноубординг
Спорт,Экстремальные виды спорта,Серфинг
Спорт,Экстремальные виды спорта,Вейкбординг и водные лыжи
Спорт,Фэнтези спорт,
Спорт,Хоккей на траве,
Спорт,Фигурное катание,
Спорт,Рыбалка,
Спорт,Гольф,
Спорт,Гимнастика,
Спорт,Охота и стрельба,
Спорт,Хоккей,
Спорт,Катание на роликовых коньках,
Спорт,Лакросс,
Спорт,Автогонки,
Спорт,Автогонки,Мотоспорт
Спорт,Боевые искусства,
Спорт,Олимпийские виды спорта,
Спорт,Олимпийские виды спорта,Летние олимпийские виды спорта
Спорт,Олимпийские виды спорта,Зимние олимпийские виды спорта
Спорт,Покер и профессиональные азартные игры,
Спорт,Гребля,
Спорт,Регби,
Спорт,Парусный спорт,
Спорт,Горнолыжный спорт,
Спорт,Снукер/Пул/Бильярд,
Спорт,Футбол,
Спорт,Бадминтон,
Спорт,Софтбол,
Спорт,Сквош,
Спорт,Плавание,
Спорт,Настольный теннис,
Спорт,Большой теннис,
Спорт,Легкая атлетика,
Спорт,Волейбол,
Спорт,Спортивная ходьба,
Спорт,Водное поло,
Спорт,Тяжелая атлетика,
Спорт,Бейсбол,
Спорт,Борьба,
Спорт,Баскетбол,
Спорт,Пляжный волейбол,
Спорт,Бодибилдинг,
Спорт,Боулинг,
Спорт,Спортивное оборудование,
Стиль и красота,,
Стиль и красота,Красота,
Стиль и красота,Красота,Уход за волосами
Стиль и красота,Красота,Макияж
Стиль и красота,Красота,Маникюр
Стиль и красота,Красота,Натуральная и органическая косметика
Стиль и красота,Красота,Парфюмерия
Стиль и красота,Красота,Уход за кожей
Стиль и красота,Женская мода,
Стиль и красота,Женская мода,Аксессуары
Стиль и красота,Женская мода,Женская одежда
Стиль и красота,Женская мода,Женская обувь
Стиль и красота,Детская одежда,
Стиль и красота,Дизайнерская одежда,
Стиль и красота,Модные тенденции,
Стиль и красота,Высокая мода,
Стиль и красота,Мужская мода,
Стиль и красота,Мужская мода,Аксессуары
Стиль и красота,Мужская мода,Мужская одежда
Стиль и красота,Мужская мода,Мужская обувь
Стиль и красота,Личная гигиена,
Стиль и красота,Уличный стиль,
Информационные технологии,,
Информационные технологии,Искусственный интеллект,
Информационные технологии,Дополненная реальность,
Информационные технологии,Компьютеры и цифровые технологии,
Информационные технологии,Компьютеры и цифровые технологии,Компьютерные сети
Информационные технологии,Компьютеры и цифровые технологии,Периферийные устройства
Информационные технологии,Компьютеры и цифровые технологии,Программное обеспечение и приложения
Информационные технологии,Компьютеры и цифровые технологии,Хранение данных
Информационные технологии,Компьютеры и цифровые технологии,Настольные компьютеры
Информационные технологии,Компьютеры и цифровые технологии,Информационная безопасность
Информационные технологии,Компьютеры и цифровые технологии,Интернет
Информационные технологии,Компьютеры и цифровые технологии,Ноутбуки
Информационные технологии,Компьютеры и цифровые технологии,Языки программирования
Информационные технологии,Бытовая электроника,
Информационные технологии,Бытовая электроника,Фотоаппараты и видеокамеры
Информационные технологии,Бытовая электроника,Домашние развлекательные системы
Информационные технологии,Бытовая электроника,Смартфоны
Информационные технологии,Бытовая электроника,Планшеты и электронные книги
Информационные технологии,Бытовая электроника,Аксессуары
Информационные технологии,Робототехника,
Информационные технологии,Виртуальная реальность,
Телевидение,,
Телевидение,Мультфильмы и анимация,
Телевидение,Сериалы,
Телевидение,Тематические каналы,
Телевидение,Спортивные каналы,
Телевидение,Детские каналы,
Телевидение,Комедийные каналы,
Телевидение,Драма,
Телевидение,Документальные каналы,
Телевидение,Музыкальные каналы,
Телевидение,Реалити-ТВ,
Телевидение,Научно-фантастические каналы,
Путешествия,,
Путешествия,Аксессуары для путешествий,
Путешествия,Направления путешествий,
Путешествия,Направления путешествий,Африка
Путешествия,Направления путешествий,Азия
Путешествия,Направления путешествий,Австралия и Океания
Путешествия,Направления путешествий,Европа
Путешествия,Направления путешествий,Северная Америка
Путешествия,Направления путешествий,Полярные путешествия
Путешествия,Направления путешествий,Южная Америка
Путешествия,Подготовка к путешествиям,
Путешествия,Тип путешествия,
Путешествия,Тип путешествия,Активный туризм
Путешествия,Тип путешествия,Семейный отдых
Путешествия,Тип путешествия,Отели
Путешествия,Тип путешествия,Путешествия на поезде
Путешествия,Тип путешествия,Путешествия на машине
Путешествия,Тип путешествия,Спа туры
Путешествия,Тип путешествия,Авиаперелеты
Путешествия,Тип путешествия,Пляжный отдых
Путешествия,Тип путешествия,Бюджетный отдых
Путешествия,Тип путешествия,Командировки
Путешествия,Тип путешествия,Кемпинг
Путешествия,Тип путешествия,Круизы
Путешествия,Тип путешествия,Однодневные поездки
Игры,,
Игры,Игровые приставки,
Игры,Киберспорт,
Игры,Мобильные игры,
Игры,Компьютерные игры,
Игры,Жанры видеоигр,
Игры,Жанры видеоигр,Экшены
Игры,Жанры видеоигр,Ролевые видеоигры
Игры,Жанры видеоигр,Симуляторы
Игры,Жанры видеоигр,Спортивные видеоигры
Игры,Жанры видеоигр,Стратегии
Игры,Жанры видеоигр,Приключенческий экшен
Игры,Жанры видеоигр,Приключенческие видеоигры
Игры,Жанры видеоигр,Казуальные видеоигры
Игры,Жанры видеоигр,Образовательные видеоигры
Игры,Жанры видеоигр,Фитнес и упражнения
Игры,Жанры видеоигр,ММО
Игры,Жанры видеоигр,Музыкальные видеоигры
Игры,Жанры видеоигр,Головоломки
,,
